artistID,name
0,*NSYNC
1,070 Shake
2,10cc
3,112
4,1910 Fruitgum Company
5,1927
6,1979
7,2 Chainz
8,2 In A Room
9,2 Unlimited
10,21 Savage
11,220 KID
12,24kGoldn
13,28 Days
14,2Pac
15,3 Doors Down
16,3 The Hard Way
17,360
18,38 Special
19,3LW
20,3OH!3
21,3T
22,4 Non Blondes
23,4 P.M.
24,4 Strings
25,40 Thevz
26,5 Seconds of Summer
27,50 Cent
28,5000 Volts
29,6LACK
30,98º
31,99 Souls
32,A Boogie Wit da Hoodie
33,A Flock Of Seagulls
34,A Great Big World
35,A Touch Of Class
36,A$AP Rocky
37,A*M*E
38,A-Type Player
39,A. Manetta
40,A.B. Logic
41,A.B. Original
42,A.L.T. And The Lost Civilization
43,A.R. Rahman
44,A1
45,A7S
46,ABBA
47,ABC
48,ABS
49,AC/DC
50,ACRAZE
51,AFI
52,AFROJACK
53,AJ Mitchell
54,AJR
55,ALMA
56,ATB
57,AURORA
58,AWOLNATION
59,Aaliyah
60,Aaron Hall
61,Aaron Neville
62,Abigail
63,Abishi Taylor
64,Abs Breen
65,Absent Friends
66,Absolutely Fabulous
67,Abz Winter
68,Ace Cannon
69,Ace of Base
70,Acker Bilk
71,Adam & The Ants
72,Adam Lambert
73,Adam Levine
74,Adam Wade
75,Adele
76,Adina Howard
77,Adrian Eagle
78,Adrian Gurvitz
79,Adrian Lux
80,Aerosmith
81,Afroman
82,After 7
83,Agnes
84,Air Supply
85,Airrion Love
86,Akon
87,Al Green
88,Al Martino
89,Al Stewart
90,Alan Braxe
91,Alan Jackson
92,Alan O'Day
93,Alan Walker
94,Alanis Morissette
95,Alannah Myles
96,Albert Hammond
97,Albie Donnelly's Supercharge
98,Alcazar
99,Alec Benjamin
100,Aleem
101,Aleesha Rome
102,Alesha Dixon
103,Alessia Cara
104,Alesso
105,Alex Aiono
106,Alex Clare
107,Alex Edmonds
108,Alex Farolfi
109,Alex Gaudino
110,Alex K
111,Alex Lloyd
112,Alex Natale DJ
113,Alex Orbison
114,Alex Party
115,Alexandra Stan
116,Alexia
117,Alexis Jordan
118,Ali
119,Ali Gatie
120,Alias
121,Aliaune Akon Thiam
122,Alice Cooper
123,Alice Deejay
124,Alice Merton
125,Alicia Bridges
126,Alicia Keys
127,Alien Ant Farm
128,Alisha's Attic
129,Alison MacCallum
130,Alison Moyet
131,Alison Wonderland
132,All Saints
133,All Time Low
134,All-4-One
135,Allan Sherman
136,Allday
137,Alle Farben
138,Allman Brothers Band
139,Allure
140,Aloe Blacc
141,Alphaville
142,AlunaGeorge
143,Alvin Stardust
144,Amanda Perez
145,Amber
146,Amber Mark
147,America
148,American Authors
149,Amerie
150,Amiel
151,Amii Stewart
152,Amity Dry
153,Amy Grant
154,Amy Lee
155,Amy Meredith
156,Amy Pearson
157,Amy Shark
158,Amy Winehouse
159,Anastacia
160,Anderson .Paak
161,Andrea Monta
162,Andrea True Connection
163,Andrew Lloyd Webber
164,Andrew Lockington
165,Andrew Stanley
166,Andrew Strong
167,André 3000
168,Andy Black
169,Andy C
170,Andy Gibb
171,Andy Grammer
172,Andy Kim
173,Andy Williams
174,Angel Azmeer
175,Angry
176,Angry Anderson
177,Angus & Julia Stone
178,Angèle
179,Animotion
180,Anita Bryant
181,Anita McCloud
182,Anita Ward
183,Anitta
184,Ann Lee
185,Anna Kendrick
186,Anne & Johnny Hawker
187,Anne Murray
188,Anne-Marie
189,Annie Lennox
190,Anthony Callea
191,Anthony Thistlethwaite
192,Anton
193,Apollo 100
194,Aqua
195,Arcane
196,Archie Roach
197,Architecture In Helsinki
198,Arctic Monkeys
199,Area-7
200,Aretha Franklin
201,Ariana Grande
202,Arif Mardin
203,Arizona Zervas
204,Armand Van Helden
205,Armin van Buuren
206,AronChupa
207,Arrested Development
208,Arrow
209,Art Garfunkel
210,Art vs Science
211,Arthur Conley
212,Artists United Against Apartheid
213,Asaf Avidan
214,Asaf Avidan & the Mojos
215,Ashanti
216,Ashe
217,Ashlee Simpson
218,Ashnikko
219,Ashton\
220,Asta
221,Aston Merrygold
222,Astrid S
223,Atlas Genius
224,Atomic Kitten
225,Audio Bullys
226,Audioslave
227,Augie March
228,August Alsina
229,Austen Tayshus
230,Austin Mahone
231,Australian Crawl
232,Autumn
233,Ava Hayz
234,Ava Max
235,Avalanche City
236,Avant
237,Average White Band
238,Avery Storm
239,Avicii
240,Avril Lavigne
241,Axwell
242,Axwell /\ Ingrosso
243,Ayah Marar
244,Az Yet
245,B*Witched
246,B.B. King
247,B.J. Thomas
248,B.o.B
249,B2K
250,BANNERS
251,BBE
252,BENEE
253,BIA
254,BLACKPINK
255,BOYS LIKE GIRLS
256,BROCKHAMPTON
257,BROODS
258,BTS
259,BZ
260,Baauer
261,Baby Alpaca
262,Baby Animals
263,Baby Bash
264,Babyface
265,Babylon Zoo
266,Baccara
267,Bachelor Girl
268,Bachman-Turner Overdrive
269,Back In Black
270,Backstreet Boys
271,Bad Bunny
272,Bad Company
273,Bad English
274,Bad Meets Evil
275,Badfinger
276,Bag Raiders
277,Baha Men
278,Bahary
279,Baker Boy
280,Bananarama
281,Barbara Dickson
282,Barbara George
283,Barbara Lewis
284,Barbara Lynn
285,Barbara Ray
286,Barbra Streisand
287,Bardot
288,Barenaked Ladies
289,Barrett Strong
290,Barry Blue
291,Barry Crocker
292,Barry Manilow
293,Barry Mann
294,Barry McGuire
295,Barry Ryan
296,Barry White
297,Basement Jaxx
298,Bastille
299,Bay City Rollers
300,Baz Luhrmann
301,Bazzi
302,Bea Miller
303,Beaky\
304,Beastie Boys
305,Beats International
306,Bebe Rexha
307,Bebe Winans
308,Bec Cartwright
309,Beck
310,Becky G
311,Becky Hill
312,Bee Gees
313,Belinda Carlisle
314,Bell Biv DeVoe
315,Belle Epoque
316,Ben E. King
317,Ben Folds
318,Ben Folds Five
319,Ben Harper And The Innocent Criminals
320,Ben Lee
321,Ben Liebrand
322,Bene
323,Benedict
324,Benjamin Diamond
325,Benjamin Joseph
326,Benny Benassi
327,Benny Mardones
328,Benson Boone
329,Bent Fabricius-Bjerre
330,Berlin
331,Bernard Fanning
332,Berri
333,Bertie Higgins
334,Besomorph
335,Bette Midler
336,Betty Boo
337,Betty Who
338,Beverlee
339,Beyoncé
340,Bic Runga
341,Big Audio Dynamite
342,Big Brother & The Holding Company
343,Big Brovaz
344,Big Country
345,Big Mountain
346,Big Pig
347,Big Sean
348,Big Shaq
349,Big Steppa
350,Big Yavo
351,Bill & Boyd
352,Bill Anderson
353,Bill Appleberry
354,Bill Blacks Combo
355,Bill Conti
356,Bill Haley & His Comets
357,Bill Medley
358,Bill Pursell
359,Bill Smith
360,Bill Withers
361,Billie Eilish
362,Billie Piper
363,Billy Bland
364,Billy Field
365,Billy Idol
366,Billy J. Kramer
367,Billy Joe & The Checkmates
368,Billy Joe Royal
369,Billy Joel
370,Billy Ocean
371,Billy Paul
372,Billy Preston
373,Billy Ray Cyrus
374,Billy Squier
375,Billy Swan
376,Billy Thorpe
377,Billy Thorpe & The Aztecs
378,Billy Vaughn
379,Billy Vera & The Beaters
380,Bingo Players
381,Bingoboys
382,Bino Rideaux
383,Bipolar Sunshine
384,Birdman
385,Birds Of Tokyo
386,Birdy
387,Birtles & Goble
388,Björk
389,Björn Skifs
390,Black
391,Black Box
392,Black Eyed Peas
393,Black Lace
394,Black Rob
395,Blackfeather
396,Blackstreet
397,Blake Shelton
398,Blancmange
399,Blessid Union Of Souls
400,Blind Melon
401,Bliss n Eso
402,Bloc Party
403,BlocBoy JB
404,Blondie
405,BloodPop®
406,Blood\
407,Bloodhound Gang
408,Blu Cantrell
409,Blue
410,Blue Boy
411,Blue Mink
412,Blue Swede
413,Blue Öyster Cult
414,Bluejuice
415,Blur
416,Blxst
417,Bob Cadway
418,Bob Carlisle
419,Bob Dylan
420,Bob Evans
421,Bob Fisher
422,Bob Kuban
423,Bob Kuban & The In-Men
424,Bob Lind
425,Bob Luman
426,Bob Marley & The Wailers
427,Bob Seger
428,Bob Sinclar
429,Bob The Builder
430,Bob Welch
431,Bobbi Martin
432,Bobbie Gentry
433,Bobby Anthony
434,Bobby Bare
435,Bobby Bloom
436,Bobby Boris Pickett
437,Bobby Brown
438,Bobby Darin
439,Bobby Day
440,Bobby Goldsboro
441,Bobby Hart
442,Bobby Lewis
443,Bobby McFerrin
444,Bobby Rydell
445,Bobby Sherman
446,Bobby Vee
447,Bobby Vinton
448,Bodeans
449,Bodyrockers
450,Bomfunk MC's
451,Bon Jovi
452,Bond
453,Boney M.
454,Bonnie Raitt
455,Bonnie Tyler
456,Boogie Pimps
457,Booker T. & the M.G.'s
458,Boom Crash Opera
459,Bootsy Collins
460,Borgeous
461,Boris Dlugosch
462,Boris Gardiner
463,Bosson
464,Boston
465,Bounty Killer
466,Bow Wow
467,Bowling For Soup
468,Boy & Bear
469,Boy George
470,Boy Matthews
471,Boy Meets Girl
472,Boyce Avenue
473,Boys Don't Cry
474,Boyz II Men
475,Boyzone
476,Boz Scaggs
477,Brad Paisley
478,Bradley Cooper
479,Brainbug
480,Brandi Carlile
481,Brando
482,Brandy
483,Bratz
484,Bread
485,Breakfast Club
486,Breathe Carolina
487,Brenda Lee
488,Brendan Bowyer & The Royal Showband
489,Brendon Urie
490,Brenton Wood
491,Brian & Tony Gold
492,Brian Cadd
493,Brian Hyland
494,Brian May & The ABC Showband
495,Brian McFadden
496,Brian McKnight
497,Bridgette Amofah
498,Britney Holmes
499,Britney Spears
500,Broken Bells
501,Bronski Beat
502,Brook Benton
503,Brooklyn Dreams
504,Brooks Jefferson
505,Bros
506,Brotherhood of Man
507,Brownstone
508,Brownsville Station
509,Bruce Channel
510,Bruce Ruffin
511,Bruce Springsteen
512,Bruno Mars
513,Bryan Adams
514,Bryan Ferry
515,Bryson Tiller
516,Bucks Fizz
517,Buddy Holly
518,Budjerah
519,Buffalo Springfield
520,Bun B
521,Burl Ives
522,Burna Boy
523,Burton Cummings
524,Bus Stop
525,Busby Marou
526,Bush
527,Busta Rhymes
528,Butthole Surfers
529,Buzz Clifford
530,C & C Music Factory
531,C. J. Johnson
532,C.C.S.
533,C.W. McCall
534,CADE
535,CAKE
536,CDB
537,CHIC
538,CHVRCHES
539,CID
540,Caesars
541,Cage The Elephant
542,Cal Smith
543,Calum Scott
544,Calvin Harris
545,CamelPhat
546,Camila Cabello
547,Camille Jones
548,Candi Staton
549,Candice Alley
550,Candy Dulfer
551,Canned Heat
552,Capital Cities
553,Captain & Tennille
554,Caramel Blue
555,Cardi B
556,Carl Anderson
557,Carl Douglas
558,Carla Thomas
559,Carlos Cid
560,Carly Rae Jepsen
561,Carly Simon
562,Carole Bayer Sager
563,Carole King
564,Carolina Liar
565,Carpenters
566,Carrie Underwood
567,Cary Brothers
568,Cascada
569,Case
570,Casey Abrams
571,Casey Donovan
572,Cash Cash
573,Cassette Kids
574,Cassie
575,Cassie Davis
576,Cat & Calmell
577,Cathy Dennis
578,CeCe Peniston
579,Cedric Gervais
580,CeeLo Green
581,Cezary Skubiszewski
582,Chad Kroeger
583,Chain
584,Chaka Demus & Pliers
585,Chaka Khan
586,Chance the Rapper
587,Chantoozies
588,Chapel Hart
589,Charlee
590,Charlene
591,Charles & Eddie
592,Charles Eugene Patrick Boone
593,Charli xcx
594,Charlie Puth
595,Charlie Rich
596,Charlie Sloth
597,Charlie Wilson
598,Chart Collective
599,Chas & Dave
600,Chase & Status
601,Chase Martin
602,Cheap Trick
603,Cheat Codes
604,Cher
605,Cher Lloyd
606,Cherish
607,Cheryl
608,Chet Faker
609,Chicago
610,Chicane
611,Chiddy Bang
612,Childish Gambino
613,Children Collide
614,Chingy
615,Chloe Angelides
616,Chocolate Starfish
617,Choirboys
618,Chris Andrews
619,Chris Brown
620,Chris Farlowe
621,Chris Franklin
622,Chris Isaak
623,Chris Kenner
624,Chris Martin
625,Chris Montez
626,Chris Norman
627,Chris Rea
628,Chris Sebastian
629,Chris Stapleton
630,Chris Willis
631,Chris de Burgh
632,Chrissie Hynde
633,Christie Allen
634,Christina Aguilera
635,Christina Amphlett
636,Christina Milian
637,Christina Perri
638,Christine Anu
639,Christopher Cross
640,Chrom3
641,Chubby Checker
642,Chuck Berry
643,Chuck Turner
644,Chumbawamba
645,Chynna Phillips
646,Ciara
647,Cilla Black
648,Cinderella
649,City Boy
650,City High
651,City Spud
652,Claes Janson
653,Clairo
654,Clarence Carter
655,Clarence Clemons
656,Clarence Frogman Henry
657,Classified
658,Claude King
659,Claudette Ortiz
660,Claudine Clark
661,Clean Bandit
662,Clever
663,Cliff Richard
664,Cliff Richard & The Drifters
665,Cliff Richard & The Shadows
666,Climax Blues Band
667,Climie Fisher
668,Clinton Kane
669,Clodagh Rodgers
670,Clout
671,Club Nouveau
672,Clyde McPhatter
673,CoCo Lee
674,Cobra Starship
675,Cody Simpson
676,Cody Wise
677,Coi Leray
678,Colbie Caillat
679,Colby O'Donis
680,Cold Chisel
681,Coldplay
682,Colin Hay
683,Collective Soul
684,Colleen Hewett
685,Collett
686,Collette
687,Color Me Badd
688,Commodores
689,Con-Psy
690,Conan Gray
691,Concrete Blonde
692,Connie Francis
693,Connie Stevens
694,Conor Maynard
695,Conrad Sewell
696,Conway Twitty
697,Cookin' On 3 Burners
698,Coolio
699,Corey Hart
700,Cornbread & Jerry
701,Cornershop
702,Corona
703,Cory Rooney
704,Cosima De Vito
705,Count Basie
706,Count Five
707,Counting Crows
708,Cover Drive
709,Craig David
710,Craig McLachlan;Check 1-2
711,Crash Test Dummies
712,Crazy Frog
713,Crazy Town
714,Cream
715,Creed
716,Creedence Clearwater Revival
717,Creeds
718,Crispian St. Peters
719,Cristina Gatti
720,Crookers
721,Crosby\
722,Crowded House
723,Crush
724,Crystal Fighters
725,Crystal Gayle
726,Crystal Waters
727,Culture Beat
728,Culture Club
729,Curtis Lee
730,Curtis Mayfield
731,Custard
732,Cut 'N' Move
733,Cut Copy
734,Cutfather & Joe
735,Cutting Crew
736,Cyndi Lauper
737,Cyrus Villanueva
738,Céline Dion
739,D-Block Europe
740,D. Pritzker
741,D.O.D
742,D.O.E.
743,D12
744,D:Ream
745,DBX
746,DCup
747,DEV
748,DEVO
749,DHT
750,DJ BoBo
751,DJ Boat
752,DJ Cassidy
753,DJ Frank E
754,DJ Fresh
755,DJ Jazzy Jeff & The Fresh Prince
756,DJ Khaled
757,DJ Sammy
758,DJ Snake
759,DJ Ötzi
760,DMA'S
761,DNA
762,DNCE
763,DOOLIE
764,DR.
765,DTG
766,DVBBS
767,Da Hool
768,DaBaby
769,DaChri
770,Dada Pop
771,Daddy Cool
772,Daddy Dewdrop
773,Daddy Yankee
774,Daft Punk
775,Dakota
776,Dale & Grace
777,Damage
778,Dami Im
779,Damien Leith
780,Damien Reilly
781,Damien Rice
782,Dan + Shay
783,Dan Black
784,Dan Caplen
785,Dan Hartman
786,Dan Hill
787,Dane Rumble
788,Daneka Nation
789,Daniel Bedingfield
790,Daniel Boone
791,Daniel Caesar
792,Daniel Johns
793,Daniel Merriweather
794,Daniel Powter
795,Daniel Seavey
796,Dannii
797,Dannii Minogue
798,Danny Ross
799,Dario G
800,Darling Brando
801,Darren Hayes
802,Darryl Cotton
803,Darude
804,Daryl Braithwaite
805,Daryl Hall & John Oates
806,Das singende Krokodil vom Nil
807,Daughtry
808,Dave & Ansell Collins
809,Dave Berry
810,Dave Dee\
811,Dave Dobbyn
812,Dave Edmunds
813,Dave Mills
814,Dave Stewart
815,Davey Arthur
816,David Bowie
817,David Cassidy
818,David Cole
819,David Dundas
820,David Essex
821,David Foster
822,David Franj
823,David Guetta
824,David Jones
825,David Kershenbaum
826,David Lee Roth
827,David Rose & His Orchestra
828,David Soul
829,Dawin
830,Dawn
831,Daya
832,De La Soul
833,De Wolfe Music
834,DeBarge
835,Dead By Sunrise
836,Dead Or Alive
837,Deadstar
838,Dean Geyer
839,Dean Lewis
840,Dean Martin
841,Dean Ray
842,Debbie Harry
843,Debby Boone
844,Debelah Morgan
845,Deborah Conway
846,Deborah Cox
847,Dee C. Lee
848,Dee Dee Sharp
849,Dee Gees
850,Deee-Lite
851,Deep Blue Something
852,Deep Forest
853,Deep Purple
854,Def Leppard
855,Default
856,Del Amitri
857,Del Shannon
858,Del Shannon with Orchestra
859,Del The Funky Homosapien
860,Delaney & Bonnie
861,Delerium
862,Delta Goodrem
863,Demi Lovato
864,Deni Hines
865,Deniece Williams
866,Denis Leary
867,Dennis Lloyd
868,Dennis Waterman
869,Denzal Park
870,Deorro
871,Depeche Mode
872,Derek
873,Derek & The Dominos
874,Dermot Kennedy
875,Des O'Connor
876,Des'ree
877,Desiigner
878,Desmond Dekker
879,Destiny's Child
880,Dev
881,Dexys Midnight Runners
882,Diana King
883,Diana Ross
884,Diana Ross & The Supremes
885,Diarra Sylla
886,Dick & Dee Dee
887,Dick Stabile And His Orchestra
888,Dickie Lee
889,Diddy
890,Diddy - Dirty Money
891,Dido
892,Diesel
893,Digital Farm Animals
894,Dimitri Vegas
895,Dimitri Vegas & Like Mike
896,Dimples D.
897,Dinah Washington
898,Dino Jag
899,Dion
900,Dion & The Belmonts
901,Dionne Warwick
902,Diplo
903,Dire Straits
904,Dirty South
905,Dirty Vegas
906,Disciples
907,Disclosure
908,Disney
909,Disturbed
910,Divine
911,Divinyls
912,Dixie Belles
913,Dizzee Rascal
914,Djfrancofabi
915,Do
916,Do Re Mi
917,Doctor & The Medics
918,Doja Cat
919,Dolly Parton
920,Dom Dolla
921,Dominic Fike
922,Don & Juan
923,Don Fardon
924,Don Gibson
925,Don Henley
926,Don McLean
927,Don Omar
928,Don Toliver
929,Don Williams
930,Donna Fargo
931,Donna Lewis
932,Donna Summer
933,Donnie Brooks
934,Donny Osmond
935,Donovan
936,Doop
937,Dopamine
938,Doris Troy
939,Dorothy Moore
940,Doug Sahm
941,Dozy\
942,Dr. Alban
943,Dr. Dre
944,Dr. Hook
945,Dragon
946,Dragonette
947,Drake
948,Drapht
949,Drax Project
950,Dreamworld
951,Dru Hill
952,Drummond
953,Dua Lipa
954,Duane Eddy
955,Duane Harden
956,Dub Williams
957,Duck Sauce
958,Duffy
959,Duke Dumont
960,Dukes of Windsor
961,Duncan Laurence
962,Duran Duran
963,Dusty Springfield
964,Dynamic Hepnotics
965,Dynoro
966,Dyo
967,Dzeko
968,Dzeko & Torres
969,E.Y.C.
970,ELAZ
971,ELVIRA
972,EMF
973,E^ST
974,Eagle-Eye Cherry
975,Eagles
976,Eamon
977,Earth\
978,East 17
979,Ebenezer
980,Echosmith
981,Ed Sheeran
982,Eddie Cochran
983,Eddie Hodges
984,Eddie Miller
985,Eddie Money
986,Eddie Rabbitt
987,Edgar Winter
988,Edison Lighthouse
989,Edmee
990,Edward Bear
991,Edwin McCain
992,Edwyn Collins
993,Eiffel 65
994,Elaine Paige
995,Elderbrook
996,Electric Light Orchestra
997,Elen Levon
998,Eliza Doolittle
999,Eliza Rose
1000,Elizabeth Fraser
1001,Elkie Brooks
1002,Ella Eyre
1003,Ella Fitzgerald
1004,Ella Henderson
1005,Ella Mai
1006,Elle King
1007,Elley Duhé
1008,Ellie Drennan
1009,Ellie Goulding
1010,Elliott Yamin
1011,Elliphant
1012,Elton John
1013,Elvis Presley
1014,Em Beihold
1015,Emeli Sandé
1016,Emerson\
1017,Emilee
1018,Emilio Pericoli
1019,Emily Hackett
1020,Emily Warren
1021,Eminem
1022,Emma Bunton
1023,Empire Of The Sun
1024,En Vogue
1025,End Of Fashion
1026,Endor
1027,Engelbert Humperdinck
1028,Enigma
1029,Enrique Iglesias
1030,Enrique Iglesias feat. Pitbull
1031,Enya
1032,Erasure
1033,Eric 'ET' Thorngren
1034,Eric Benét
1035,Eric Burdon
1036,Eric Burdon & the Animals
1037,Eric Carmen
1038,Eric Clapton
1039,Eric Hutchinson
1040,Eric Nally
1041,Eric Prydz
1042,Eric Weissberg
1043,Ernest Gold
1044,Ernie K-Doe
1045,Ernie Maresca
1046,Eruption
1047,Eskimo Joe
1048,Espérame en Roma
1049,Estelle
1050,Esther and Abi Ofarim
1051,Et Cetera
1052,Eternal
1053,Ethan Sak
1054,Etta James
1055,Eurika
1056,Eurogliders
1057,Europa
1058,Europe
1059,Eurythmics
1060,Eva Simons
1061,Evanescence
1062,Eve
1063,Everclear
1064,Everlast
1065,Evermore
1066,Everything But The Girl
1067,Example
1068,Exile
1069,Extreme
1070,Eydie Gormé
1071,F.C.B
1072,F.R. David
1073,FAST BOY
1074,FIFA Sound
1075,FIFTY FIFTY
1076,FRENSHIP
1077,Fabolous
1078,Fairground Attraction
1079,Faith Evans
1080,Faith Hill
1081,Faith No More
1082,Faithless
1083,Fakebitcheshero
1084,Faker
1085,Falco
1086,Fall Out Boy
1087,Faouzia
1088,Far East Movement
1089,Faron Young
1090,Fastball
1091,Fat Joe
1092,Fat Larry's Band
1093,Fatboy Slim
1094,Fatman Scoop
1095,Fats Domino
1096,Feargal Sharkey
1097,Fedde Le Grand
1098,Feed Me
1099,Feenixpawl
1100,Feist
1101,Felix
1102,Felix Jaehn
1103,Felly
1104,Fergie
1105,Ferlin Husky
1106,Fern Kinney
1107,Ferrante & Teicher
1108,Fetty Wap
1109,Fiddler's Dram
1110,Fifth Harmony
1111,Filatov
1112,Filter
1113,Fine Young Cannibals
1114,Finger Eleven
1115,Fiora
1116,Fischer-Z
1117,Fitz and The Tantrums
1118,Five
1119,Five For Fighting
1120,Five Man Electrical Band
1121,Flash and the Pan
1122,Fleetwood Mac
1123,Fleur East
1124,Flight Facilities
1125,Flipmode Squad
1126,Flo Rida
1127,Florence + The Machine
1128,Florence Welch
1129,Florida Georgia Line
1130,Flowers
1131,Floyd Cramer
1132,Flume
1133,Flux Pavilion
1134,Focus
1135,Foo Fighters
1136,Fools Garden
1137,Foreigner
1138,Foster & Allen
1139,Foster The People
1140,Fountains Of Wayne
1141,Four Tops
1142,Fox
1143,Foxes
1144,Fragma
1145,Francesco Yates
1146,Frank Ifield
1147,Frank Mills
1148,Frank Ocean
1149,Frank Sinatra
1150,Frankee
1151,Frankie Avalon
1152,Frankie Goes To Hollywood
1153,Frankie J
1154,Frankie Miller
1155,Frankie Valli
1156,Frankie Valli & The Four Seasons
1157,Franklin
1158,Franz Ferdinand
1159,Fred again..
1160,Freda Payne
1161,Freddy Cannon
1162,Freddy Fender
1163,Free
1164,Freedom Under XRay
1165,Freedom Williams
1166,Freeez
1167,Freestylers
1168,French Montana
1169,Frente!
1170,Freshlyground
1171,Freya Ridings
1172,Frida
1173,Friendly Fires
1174,Frijid Pink
1175,Fuel
1176,Fugees
1177,Furious F.
1178,Fuse ODG
1179,Future
1180,Future Humans
1181,G Flip
1182,G-Eazy
1183,G.R.L.
1184,GABRIELLE
1185,GANGgajang
1186,GATC
1187,GAYLE
1188,GROUPLOVE
1189,Gabby Barrett
1190,Gabriela Richardson
1191,Gabriella Cilmi
1192,Gabrielle Aplin
1193,Gabry Ponte
1194,Galantis
1195,Gale Garnett
1196,Garbage
1197,Gardner & Dyke
1198,Gareth Gates
1199,Garnet Mimms
1200,Garrett Kato
1201,Gary Glitter
1202,Gary Lewis & The Playboys
1203,Gary Moore
1204,Gary Numan
1205,Gary Puckett & The Union Gap
1206,Gary Shearston
1207,Gary U.S. Bonds
1208,Gavin DeGraw
1209,Gavin James
1210,Gene Chandler
1211,Gene McDaniels
1212,Gene Paul
1213,Gene Pitney
1214,Gene Vincent
1215,Gene Vincent & His Blue Caps
1216,Genesis
1217,George
1218,George Baker Selection
1219,George Benson
1220,George Ezra
1221,George Harrison
1222,George Jones
1223,George Maple
1224,George Martin
1225,George McCrae
1226,George Michael
1227,George Thorogood & The Destroyers
1228,George Tobin
1229,Georgi Kay
1230,Georgia Fair
1231,Georgie Fame
1232,Geri Halliwell
1233,Gerry & The Pacemakers
1234,Gerry Monroe
1235,Gerry Rafferty
1236,Get Far
1237,Get Wet
1238,Ghost Town DJs
1239,Gia Farrell
1240,Gibson Brothers
1241,Gigamesh
1242,Gigi D'Agostino
1243,Gilbert O'Sullivan
1244,Gin Blossoms
1245,Gin Wigmore
1246,Gina G
1247,Gino Vannelli
1248,Ginuwine
1249,Giorgio Moroder
1250,Girl Thing
1251,Girlfriend
1252,Giveon
1253,Gizzle
1254,Glades
1255,Gladys Knight
1256,Glass Animals
1257,Glass Tiger
1258,Glen Campbell
1259,Glen Hansard
1260,Glenn Frey
1261,Glenn Medeiros
1262,Glenn Shorrock
1263,Gloria Estefan
1264,Gloria Estefan And Miami Sound Machine
1265,Gloria Gaynor
1266,Gloria Loring
1267,Gloriana
1268,Gnarls Barkley
1269,Go West
1270,Goanna
1271,Golden Earring
1272,Good Charlotte
1273,Goodboys
1274,GoonRock
1275,Gordon Lightfoot
1276,Gordon Taggart
1277,Gorgon City
1278,Gorillaz
1279,Gossip
1280,Gossling
1281,Gotye
1282,Grafton Primary
1283,Graham Bonnet
1284,Graham Candy
1285,Graham Nash
1286,Gram'ma Funk
1287,Gramma Funk
1288,Gramophonedzie
1289,Grand Funk Railroad
1290,Grandmaster Caz
1291,Grandmaster Flash & The Furious Five
1292,Grandmaster Melle Mel
1293,Grayson Hugh
1294,Green Day
1295,Green Jelly
1296,Gregory Abbott
1297,Grey
1298,Griff
1299,Grinspoon
1300,Groove Armada
1301,Groove Coverage
1302,Groove Terminator
1303,Groove Theory
1304,Gucci Mane
1305,Gummibär
1306,Gunna
1307,Guns N' Roses
1308,Guru Josh
1309,Gus Cullen
1310,Gus Dapperton
1311,Guy Mitchell
1312,Guy Sebastian
1313,Gwen Stefani
1314,Gwyneth Paltrow
1315,Gyan
1316,Gym Class Heroes
1317,Gyroscope
1318,H2O
1319,HAIM
1320,HERBIE
1321,HOSH
1322,HRVY
1323,HUGEL
1324,HVME
1325,Haddaway
1326,Hailee Steinfeld
1327,Haircut 100
1328,Halsey
1329,Hamilton\
1330,Hampton The Hampster
1331,Handell
1332,Hank Ballard & The Midnighters
1333,Hank Locklin
1334,Hank Snow
1335,Hans Poulsen
1336,Hans Zimmer
1337,Hanson
1338,Hardwell
1339,Harold Faltermeyer
1340,Harold Melvin & The Blue Notes
1341,Harpo
1342,Harry Belafonte
1343,Harry Chapin
1344,Harry Nilsson
1345,Harry Secombe
1346,Harry Styles
1347,Havana Brown
1348,Hayden James
1349,Hayley Warner
1350,Hayley Williams
1351,Haysi Fantayzee
1352,Heart
1353,Heather Small
1354,Heavy D & The Boyz
1355,Hedgehoppers Anonymous
1356,Heintje
1357,Heinz
1358,Helen Reddy
1359,Henry Mancini
1360,Herb Alpert & The Tijuana Brass
1361,Herb Ohta\
1362,Herbie Hancock
1363,Herbs
1364,Herman's Hermits
1365,Hermitude
1366,Hey Monday
1367,Hi Tek 3
1368,High Contrast
1369,Hight
1370,Highway to Hell
1371,Hilary Duff
1372,Hilltop Hoods
1373,Hinder
1374,Hippie Sabotage
1375,Hockey
1376,Hocus Pocus
1377,Hole
1378,Holly Valance
1379,Honeyz
1380,Hoobastank
1381,Hoodoo Gurus
1382,Hook N Sling
1383,Hootie & The Blowfish
1384,Horst Jankowski
1385,Hot 'N' Juicy
1386,Hot Action Cop
1387,Hot Butter
1388,Hot Chelle Rae
1389,Hot Chip
1390,Hot Chocolate
1391,House Of Pain
1392,Houston
1393,Howard Jones
1394,Howard Shore
1395,Howie Day
1396,Hozier
1397,Huey Lewis
1398,Huey Lewis & The News
1399,Hugh Jackman
1400,Hugo Montenegro
1401,Hugo Montenegro & His Orchestra
1402,Human Nature
1403,Hungry Kids of Hungary
1404,Hunter Hayes
1405,Hunters & Collectors
1406,Hurricane Smith
1407,Hurts
1408,Hush
1409,I'm Talking
1410,I-20
1411,ICEHOUSE
1412,IDRIS
1413,ILLENIUM
1414,INXS
1415,Ian Carey
1416,Ian Carey Project
1417,Ian Dury
1418,Ian Dury & The Blockheads
1419,Ian Moss
1420,Ice Nine Kills
1421,Icona Pop
1422,Ida Corr
1423,Idina Menzel
1424,Iggy Azalea
1425,Iggy Pop
1426,Ike & Tina Turner
1427,Illy
1428,Ilsey
1429,Imagine Dragons
1430,Imanbek
1431,Imany
1432,In-Grid
1433,Ina Wroldsen
1434,Incubus
1435,Indigo Girls
1436,Inez Foxx
1437,Inner Circle
1438,Interactive
1439,Internet Money
1440,Interplanetary Criminal
1441,Irene Cara
1442,Iron Maiden
1443,Isaac Hayes
1444,Isaiah Firebrace
1445,Israel Cruz
1446,Israel Kamakawiwo'ole
1447,Itch
1448,Ivan Gough
1449,Iyaz
1450,J Balvin
1451,J Rice
1452,J-Kwon
1453,J. Holiday
1454,J.J. Cale
1455,JAY-Z
1456,JHAYCO
1457,JID
1458,JP Cooper
1459,JP Saxe
1460,JX
1461,Ja Rule
1462,Jack & Jack
1463,Jack Blanchard & Misty Morgan
1464,Jack Garratt
1465,Jack Harlow
1466,Jack Johnson
1467,Jack Joseph Puig
1468,Jack Radics
1469,Jack River
1470,Jack Scott
1471,Jack White
1472,Jack Ü
1473,Jackie DeShannon
1474,Jackie Trent
1475,Jackie Wilson
1476,Jackson Browne
1477,Jackson Jackson
1478,Jadakiss
1479,Jaden
1480,Jagged Edge
1481,Jaheim
1482,Jake Reese
1483,Jaki Graham
1484,Jalja
1485,Jam & Spoon
1486,Jamelia
1487,James
1488,James Arthur
1489,James Bay
1490,James Blundell
1491,James Blunt
1492,James Brown
1493,James Brown & The Famous Flames
1494,James Carter
1495,James Chatburn
1496,James Darren
1497,James Freud
1498,James Hype
1499,James Morrison
1500,James Reyne
1501,James Taylor
1502,Jamie Foxx
1503,Jamie Lawson
1504,Jamie N Commons
1505,Jamie Scott
1506,Jamiroquai
1507,Jan & Dean
1508,Jan Bradley
1509,Janelle Monáe
1510,Janet Jackson
1511,Janieck Devy
1512,Janis Ian
1513,Janis Joplin
1514,Jann Arden
1515,Jarryd James
1516,Jasmine Thompson
1517,Jason Derulo
1518,Jason Donovan
1519,Jason Mraz
1520,Jason Nevins
1521,Jason Weaver
1522,Jawsh 685
1523,Jax Jones
1524,Jay & The Americans
1525,Jay Hardway
1526,Jay Mason
1527,Jay R
1528,Jay Sean
1529,Jazmine Sullivan
1530,Jean Knight
1531,Jeanne Black
1532,Jeannie C. Riley
1533,Jebediah
1534,Jeezy
1535,Jeff St John
1536,Jefferson Airplane
1537,Jennifer Hudson
1538,Jennifer Lopez
1539,Jennifer Love Hewitt
1540,Jennifer Paige
1541,Jennifer Rush
1542,Jennifer Warnes
1543,Jenny Morris
1544,Jeremih
1545,Jeremy Jordan
1546,Jeremy Zucker
1547,Jerry Harrison
1548,Jerry Lee Lewis
1549,Jersey Boys
1550,Jess & Matt
1551,Jess Glynne
1552,Jess Kent
1553,Jesse McCartney
1554,Jessica Andersson
1555,Jessica Mauboy
1556,Jessica Simpson
1557,Jessie J
1558,Jessie James Decker
1559,Jessie Reyez
1560,Jessie Ware
1561,Jesus Christ Superstar - The Original Studio Cast
1562,Jesus Christ Superstar 1992 Australian Cast
1563,Jesus Jones
1564,Jet
1565,Jewel
1566,Jewel Akens
1567,Jigsaw
1568,Jim Capaldi
1569,Jim Croce
1570,Jim Diamond
1571,Jim Reeves
1572,Jim Steinman
1573,Jimi Hendrix
1574,Jimmie Rodgers
1575,Jimmy & the Boys
1576,Jimmy Barnes
1577,Jimmy Buffett
1578,Jimmy Charles
1579,Jimmy Clanton
1580,Jimmy Cliff
1581,Jimmy Dean
1582,Jimmy Eat World
1583,Jimmy Gilmer
1584,Jimmy Jones
1585,Jimmy Nail
1586,Jimmy Osmond
1587,Jimmy Smith
1588,Jimmy Soul
1589,Jive Bunny and the Mastermixers
1590,Jo Dee Messina
1591,Jo Jo Zep and The Falcons
1592,JoJo
1593,Joan Armatrading
1594,Joan Baez
1595,Joan Jett & the Blackhearts
1596,Joan Osborne
1597,Joanne
1598,Jocelyn Enriquez
1599,Jody Miller
1600,Joe
1601,Joe Cocker
1602,Joe Dolan
1603,Joe Dolce
1604,Joe Dowell
1605,Joe Frank & Reynolds
1606,Joe Jackson
1607,Joe Jonas
1608,Joe Jones
1609,Joe Nichols
1610,Joe Publick
1611,Joe South
1612,Joe Stone
1613,Joe Tex
1614,Joe Walsh
1615,Joel Adams
1616,Joel Corry
1617,Joel Daydé
1618,Joel Fletcher
1619,Joel Turner
1620,Joey Dee
1621,Joey Dee & The Starliters
1622,Joey Scarbury
1623,John Barry
1624,John Butler Trio
1625,John David
1626,John Denver
1627,John Farnham
1628,John Fogerty
1629,John Fred and His Playboy Band
1630,John Gallen
1631,John Gibbons
1632,John Hiatt
1633,John Kongos
1634,John Legend
1635,John Lennon
1636,John Lloyd Young
1637,John Martin
1638,John Mayer
1639,John Mellencamp
1640,John Newman
1641,John Parr
1642,John Paul Young
1643,John Phillips
1644,John Rowles
1645,John Ryan
1646,John Stewart
1647,John Travolta
1648,John Waite
1649,John Williamson
1650,Johnny & The Hurricanes
1651,Johnny Burnette
1652,Johnny Cash
1653,Johnny Chester
1654,Johnny Crawford
1655,Johnny Diesel & The Injectors
1656,Johnny Farnham
1657,Johnny Horton
1658,Johnny Logan
1659,Johnny Maestro
1660,Johnny Mathis
1661,Johnny Nash
1662,Johnny O'Keefe
1663,Johnny Paris
1664,Johnny Preston
1665,Johnny Rivers
1666,Johnny Ruffo
1667,Johnny Tillotson
1668,Johnny Wakelin
1669,Johnny Young & Kompany
1670,Jolyon Petch
1671,Jon & Vangelis
1672,Jon Bellion
1673,Jon Bon Jovi
1674,Jon English
1675,Jon Secada
1676,Jon Stevens
1677,Jona Lewie
1678,Jonas Blue
1679,Jonas Brothers
1680,Jonathan JR Rotem
1681,Joni Mitchell
1682,Jordie Ireland
1683,Jordin Sparks
1684,Josef Salvat
1685,Josefine
1686,Josey Scott
1687,Josh Abrahams
1688,Josh Pyke
1689,Joshua Kadison
1690,José Carreras
1691,José Feliciano
1692,Journey
1693,Jr.
1694,Juai
1695,Jubël
1696,Jud Strunk
1697,Judah Kelly
1698,Judie Tzuke
1699,Judy Collins
1700,Judy Stone
1701,Juelz Santana
1702,Juice Newton
1703,Juice WRLD
1704,Juicy J
1705,Julee Cruise
1706,Julia Church
1707,Julia Michaels
1708,Julia Stone
1709,Julian Casablancas
1710,Julian Lennon
1711,Juliander
1712,Julie Covington
1713,Julie Rogers
1714,Juliet Simms
1715,Julio Iglesias
1716,Jump Jump Dance Dance
1717,June Carter Cash
1718,Jung Kook
1719,Junior Reid
1720,Junior Senior
1721,Junkie XL
1722,Justice Crew
1723,Justin Bieber
1724,Justin Jesso
1725,Justin Timberlake
1726,Justin Wellington
1727,Jørgen Ingmann
1728,K's Choice
1729,K-Ci & JoJo
1730,K.W.S.
1731,KALEO
1732,KAROL G
1733,KC & The Sunshine Band
1734,KCB
1735,KIAN
1736,KIDDO
1737,KISS
1738,KSI
1739,KT Tunstall
1740,KYLE
1741,Kaelo Mula
1742,Kaiser Chiefs
1743,Kajagoogoo
1744,Kaleb Jones
1745,Kandi
1746,Kane Brown
1747,Kansas
1748,Kanye West
1749,Kaoma
1750,Karas
1751,Kardinal Offishall
1752,Kareen Lomax
1753,Karen Knowles
1754,Karmin
1755,Karnivool
1756,Kasabian
1757,Kasey Chambers
1758,Kaskade
1759,Kate Alexa
1760,Kate Bush
1761,Kate Ceberano
1762,Kate Cebrano
1763,Kate DeAraugo
1764,Kate Miller-Heidke
1765,Kate Nash
1766,Kathryn
1767,Katrina & The Waves
1768,Katy B
1769,Katy Perry
1770,Katy Tiz
1771,Kayla Rae Haywood
1772,Kaylee Bell
1773,Kayls
1774,Kaz James
1775,Keala Settle
1776,Keane
1777,Kehlani
1778,Keith Sweat
1779,Keith Urban
1780,Kele
1781,Kelis
1782,Kelly Clarkson
1783,Kelly Marie
1784,Kelly Osbourne
1785,Kelly Price
1786,Kelly Rose
1787,Kelly Rowland
1788,Kelsea Ballerini
1789,Ken Dodd
1790,Kendrick Lamar
1791,Kenny
1792,Kenny Ball
1793,Kenny G
1794,Kenny Hayes
1795,Kenny Loggins
1796,Kenny Nolan
1797,Kenny Rogers
1798,Kenny Rogers & The First Edition
1799,Kenny Rogers with Dolly Parton
1800,Kenya Grace
1801,Keri Hilson
1802,Kesha
1803,Ketty Lester
1804,Kevin Johnson
1805,Kevin K.D. Davis
1806,Kevin Lyttle
1807,Kevin Parker
1808,Kevin Rudolf
1809,Khalid
1810,Khia
1811,Kid Cudi
1812,Kid Ink
1813,Kid Rock
1814,Kids In The Kitchen
1815,Kids Of 88
1816,Kiesza
1817,Kiiara
1818,Kiki Dee
1819,Killing Heidi
1820,Kilter
1821,Kim Carnes
1822,Kim Cesarion
1823,Kim Hart
1824,Kim Petras
1825,Kim Weston
1826,Kim Wilde
1827,Kimberly Anne
1828,Kimbra
1829,Kincade
1830,King
1831,King Curtis
1832,King Harvest
1833,Kings of Leon
1834,Kisschasy
1835,Kita Alexander
1836,Klangkarussell
1837,Klaus Doldinger
1838,Klaxons
1839,Kleerup
1840,Klingande
1841,Kodaline
1842,Kokomo
1843,Koo De Tah
1844,Kool & The Gang
1845,Kool Moe Dee
1846,Korn
1847,Kosheen
1848,Krewella
1849,Kris Kristofferson
1850,Kris Kross
1851,Kris Kross Amsterdam
1852,Kulcha
1853,Kungs
1854,Kurupt
1855,Kygo
1856,Kyla
1857,Kylie Minogue
1858,Kym Mazelle
1859,Kyu Sakamoto
1860,L D R U
1861,L.A. Style
1862,L.V.
1863,LA Vision
1864,LANY
1865,LCD
1866,LCD Soundsystem
1867,LEN
1868,LF SYSTEM
1869,LL COOL J
1870,LMC
1871,LMFAO
1872,LP
1873,LPX
1874,LSD
1875,La Bouche
1876,La Roux
1877,La Trec
1878,Labrinth
1879,Labrinth feat. Tinie Tempah
1880,Lady A
1881,Lady Gaga
1882,Lady Saw
1883,Ladyhawke
1884,Lake & Palmer
1885,Lamarquis Jefferson
1886,Lana Del Rey
1887,Larry Finnegan
1888,Larry Hall
1889,Larry Verne
1890,Las Ketchup
1891,Lasgo
1892,Last Dinosaurs
1893,Latto
1894,Laura Branigan
1895,Laura Pausini
1896,Lauren Bennett
1897,Lauren Daigle
1898,Lauren Spencer Smith
1899,Laurent Wery
1900,Lauv
1901,Lawrence Reynolds
1902,Lawrence Welk
1903,Lazaro's Dog
1904,Lazyboy
1905,LeAnn Rimes
1906,League of Legends
1907,Leah Haywood
1908,Leapy Lee
1909,Led Zeppelin
1910,Lee Harding
1911,Lee Hazlewood
1912,Lee Kernaghan
1913,Lee Marvin
1914,Leif Garrett
1915,Leighton Meester
1916,Len
1917,Len Barry
1918,Lene Lovich
1919,Lenka
1920,Lennon & Maisy
1921,Lennon Stella
1922,Lenny Kravitz
1923,Leo Sayer
1924,Leon Russell
1925,Leona Lewis
1926,Leonardo's Bride
1927,Leroy Gomez
1928,Lesley Gore
1929,Leto
1930,Lewis Capaldi
1931,Lewis Thompson
1932,Liam Bailey
1933,Liam Gallagher
1934,Liam Lynch
1935,Liam Payne
1936,Liberty X
1937,Lieutenant Pigeon
1938,Lifehouse
1939,Lighter Shade Of Brown
1940,Lighthouse Family
1941,Lights
1942,Lil Baby
1943,Lil Dicky
1944,Lil Durk
1945,Lil Jon
1946,Lil Nas X
1947,Lil Pump
1948,Lil Wayne
1949,Lil Yachty
1950,Lil' Kim
1951,Lil' Mo
1952,Lilly Wood and The Prick
1953,Lily Allen
1954,Limahl
1955,Limp Bizkit
1956,Linda George
1957,Linda McCartney
1958,Linda Ronstadt
1959,Linda Scott
1960,Lindsay Lohan
1961,Lindsey Buckingham
1962,Linkin Park
1963,Lionel Richie
1964,Lipps Inc.
1965,Lisa Left Eye Lopes
1966,Lisa Loeb & Nine Stories
1967,Lisa Mitchell
1968,Little Birdy
1969,Little Boots
1970,Little Cesar & The Romans
1971,Little Eva
1972,Little Mix
1973,Little Red
1974,Little Richard
1975,Little River Band
1976,Little Sea
1977,Little Sis Nora
1978,Liv Maessen
1979,Live
1980,Livin' Joy
1981,Living Colour
1982,Liz Becker
1983,Lizzo
1984,Lloyd
1985,Lloyd Price
1986,Lo-tel
1987,Lobo
1988,Loggins & Messina
1989,Logic
1990,Loleatta Holloway
1991,London Grammar
1992,Londonbeat
1993,Lonestar
1994,Long John Baldry
1995,Lonnie Donegan
1996,Lonnie Mack
1997,Lookas
1998,Looking Glass
1999,Loon
2000,Loona
2001,Lorde
2002,Loreen
2003,Loretta Lynn
2004,Lorne Greene
2005,Los Bravos
2006,Los Del Mar
2007,Los Del Rio
2008,Los Indios Tabajaras
2009,Los Lobos
2010,Lost Frequencies
2011,Lou Bega
2012,Lou Christie
2013,Lou Gramm
2014,Lou Rawls
2015,Lou Reed
2016,Loud Luxury
2017,Loudon Wainwright III
2018,Louie Austen
2019,Louis Armstrong
2020,Louis Mattrs
2021,Louis Tomlinson
2022,Louisa Johnson
2023,Love Affair
2024,Love Ghost
2025,Love\
2026,Loverboy
2027,Lovey James
2028,Luca Schreiner
2029,Lucas & Steve
2030,Lucenzo
2031,Luciana
2032,Luciano Pavarotti
2033,Lucifer
2034,Ludacris
2035,Luis Fonsi
2036,Lukas Graham
2037,Luke Christopher
2038,Luke Combs
2039,Luke Steele
2040,Lulu
2041,LunchMoney Lewis
2042,Lupe Fiasco
2043,Luther Vandross
2044,Luude
2045,Lynn Anderson
2046,Lynsey De Paul
2047,Lynyrd Skynyrd
2048,M
2049,M People
2050,M-Phazes
2051,M.I.A.
2052,M.P.D. Limited
2053,M2M
2054,M83
2055,MAGIC!
2056,MARINA
2057,MAX
2058,MC Hammer
2059,MC Miker & DJ Sven
2060,MEDUZA
2061,MFSB
2062,MGMT
2063,MIKA
2064,MK
2065,MKTO
2066,MN8
2067,MNEK
2068,MSTRKRFT
2069,Ma
2070,Mabel
2071,Mac Davis
2072,Mac Miller
2073,Machinations
2074,Macklemore
2075,Macklemore & Ryan Lewis
2076,Macy Gray
2077,Madasun
2078,Madison Avenue
2079,Madison Beer
2080,Madness
2081,Madonna
2082,Mae Muller
2083,Maggie Lindemann
2084,Maisie Peters
2085,Majestic
2086,Majid Jordan
2087,Major Lance
2088,Major Lazer
2089,Malcolm McLaren
2090,Man 2 Man
2091,Mandy Moore
2092,Manfred Mann
2093,Manfred Mann's Earth Band
2094,Mani Hoffman
2095,Manon Dave
2096,Marc Almond
2097,Marc Anthony
2098,Marc Cohn
2099,Marc E. Bassy
2100,Marcella Detroit
2101,Marcia Hines
2102,Marco
2103,Marcus Marr
2104,Marcus Santoro
2105,Marcy Playground
2106,Maren Morris
2107,Margaret Urlich
2108,Maria McKee
2109,Maria Muldaur
2110,Mariah Carey
2111,Marian Hill
2112,Marianne Faithfull
2113,Marie Osmond
2114,Marilyn Manson
2115,Marilyn Martin
2116,Mario
2117,Mario Millo
2118,Mario Winans
2119,Mark Curry
2120,Mark Dinning
2121,Mark Exit Goodchild
2122,Mark Holden
2123,Mark Knopfler
2124,Mark Lindsay
2125,Mark Morrison
2126,Mark Ronson
2127,Mark Williams
2128,Marky Mark And The Funky Bunch
2129,Markéta Irglová
2130,Marlisa
2131,Marlon Roudette
2132,Maroon 5
2133,Marques Houston
2134,Marshall Hain
2135,Marshmello
2136,Martha Davis
2137,Martha Reeves & The Vandellas
2138,Martha and the Muffins
2139,Martika
2140,Martin Garrix
2141,Martin Jensen
2142,Martin Solveig
2143,Martinez Twins
2144,Marty Guilfoyle
2145,Marty Rhone
2146,Marty Robbins
2147,Marty Wilde
2148,Marv Johnson
2149,Marvin Gaye
2150,Marvin Hamlisch
2151,Marvin Priest
2152,Mary Hopkin
2153,Mary J. Blige
2154,Mary Lambert
2155,Mary MacGregor
2156,Mary Mary
2157,Mary Wells
2158,Mase
2159,Mashd N Kutcher
2160,Masked Wolf
2161,Mason Parks
2162,Mason Williams
2163,Massive Attack
2164,Master KG
2165,Mataya
2166,Matchbox
2167,Matchbox Twenty
2168,Matoma
2169,Matt B
2170,Matt Corby
2171,Matt Flinders
2172,Matt Handles
2173,Matt Monro
2174,Matt Scullion
2175,Matt Terry
2176,Matter Of Mind
2177,Matthew Koma
2178,Matthew Santos
2179,Matthew Wilder
2180,Maty Noyes
2181,Maureen McGovern
2182,Maurice Williams & The Zodiacs
2183,Max Bygraves
2184,Max Merritt
2185,Max-A-Million
2186,Maxi Priest
2187,Maxine Nightingale
2188,Maya
2189,McFly
2190,Meat Loaf
2191,Meck
2192,Meco
2193,Meg Mac
2194,Meg Washington
2195,Megan Davies
2196,Megan Joy
2197,Megan Thee Stallion
2198,Meghan Trainor
2199,Mel
2200,Mel & Kim
2201,Melanie
2202,Melanie C
2203,Melanie Dyer
2204,Melanie Williams
2205,Melissa Etheridge
2206,Melissa Manchester
2207,Melissa Tkautz
2208,Melodie MC
2209,Men At Work
2210,Men Without Hats
2211,Mental As Anything
2212,Meredith Brooks
2213,Merril Bainbridge
2214,Merrilee Rush
2215,Metallica
2216,Metric
2217,Metro Boomin
2218,Metro Station
2219,Mi-Sex
2220,Mia Rodriguez
2221,Miami Sound Machine
2222,Michael Andre
2223,Michael Bolton
2224,Michael Bublé
2225,Michael Chapman
2226,Michael Giacchino
2227,Michael Gray
2228,Michael Jackson
2229,Michael Lange
2230,Michael Nesmith
2231,Michael Paynter
2232,Michael Sembello
2233,Michelle Branch
2234,Mick & Tich
2235,Mick Jagger
2236,Mickey Baker
2237,Mickey Gilley
2238,Mickie James
2239,Middle Of The Road
2240,Midnight Juggernauts
2241,Midnight Oil
2242,Midnight Star
2243,Miggy Dela Rosa
2244,Migos
2245,Miguel
2246,Miike Snow
2247,Mike + The Mechanics
2248,Mike Curb Congregation
2249,Mike Mago
2250,Mike Oldfield
2251,Mike Perry
2252,Mike Posner
2253,Mike Shorey
2254,Mike Taylor
2255,Mike Waters
2256,Mikky Ekko
2257,Miley Cyrus
2258,Milky Chance
2259,Milli Vanilli
2260,Millie Small
2261,Mimi Webb
2262,Minnie Riperton
2263,Mis-Teeq
2264,Missing Persons
2265,Mississippi
2266,Missy Elliott
2267,Missy Higgins
2268,Misty Morgen
2269,Mixed By: Mykaell Riley & Jeremy Allom
2270,Moby
2271,Models
2272,Modjo
2273,Moloko
2274,Mondo Rock
2275,Monica
2276,Monifah
2277,Montaigne
2278,Monte Video
2279,Montell Jordan
2280,Monty Python
2281,Moodbay
2282,Morcheeba
2283,Morgan Evans
2284,Morgan Wallen
2285,Morris Albert
2286,Motiv8
2287,Motor Ace
2288,Mousse T.
2289,Mousse T. Vs Hot 'n' Juicy
2290,Moving Pictures
2291,Mr G
2292,Mr Hudson
2293,Mr. Big
2294,Mr. Mister
2295,Mr. President
2296,Mr. Probz
2297,Ms. Dynamite
2298,Ms. Lauryn Hill
2299,Mufasa
2300,Mufasa & Hypeman
2301,Mumford & Sons
2302,Mungo Jerry
2303,Mura Masa
2304,Murphy Lee
2305,Murray Head
2306,Murry Kellum
2307,Muse
2308,Musical Creations Karaoke
2309,Musical Youth
2310,My Chemical Romance
2311,Myglö
2312,Myke Towers
2313,Mylo
2314,MØ
2315,Måneskin
2316,Mötley Crüe
2317,Mýa
2318,N-Trance
2319,N.E.R.D
2320,N.O.R.E.
2321,NAATIONS
2322,NAV
2323,NEEKA
2324,NEIKED
2325,NEIMY
2326,NERO
2327,NEWBEATS
2328,NEWEM
2329,NF
2330,NOTD
2331,Nadia Ali
2332,Naeleck
2333,Naked Eyes
2334,Nana Mouskouri
2335,Nancy Sinatra
2336,Napoleon XIV
2337,Nas
2338,Nash & Young
2339,Nat Dunn
2340,Nat King Cole
2341,Natalia Kills
2342,Natalie Bassingthwaighte
2343,Natalie Cole
2344,Natalie Gauci
2345,Natalie Imbruglia
2346,Natalie La Rose
2347,Natalie Taylor
2348,Natasha Bedingfield
2349,Nate Dogg
2350,Nate Ruess
2351,Nathan Evans
2352,Nathan Sykes
2353,Nathaniel
2354,Nathaniel Rateliff
2355,Nathaniel Rateliff & The Night Sweats
2356,Natina Reed
2357,Naughty Boy
2358,Naughty By Nature
2359,Navos
2360,Nayer
2361,Nazareth
2362,Ne-Yo
2363,Nea
2364,Neal Slateford
2365,Near Mrs
2366,Ned Miller
2367,Neil Diamond
2368,Neil Sedaka
2369,Neil Young
2370,Nell Campbell
2371,Nelle Hooper
2372,Nelly
2373,Nelly Furtado
2374,Nelson
2375,Nena
2376,Neneh Cherry
2377,Neon Hitch
2378,Neon Trees
2379,Nevada
2380,New Boyz
2381,New Edition
2382,New Kids On The Block
2383,New Order
2384,New Politics
2385,New Radicals
2386,New Vaudeville Band
2387,New World
2388,Newton
2389,Newton Faulkner
2390,Next
2391,Niall Horan
2392,Nicholas McDonald
2393,Nick Batt
2394,Nick Cave & The Bad Seeds
2395,Nick Jonas
2396,Nick Lachey
2397,Nick Launay
2398,Nick Lowe
2399,Nick Murphy
2400,Nick Skitz
2401,Nick Waterhouse
2402,Nickelback
2403,Nicki French
2404,Nicki Minaj
2405,Nicky Romero
2406,Nicky Youre
2407,Nico & Vinz
2408,Nico Santos
2409,Nicole Kidman
2410,Nicole Millar
2411,Nicole Scherzinger
2412,Nicolette Larson
2413,Night
2414,Night Ranger
2415,Nightcrawlers
2416,Nik Kershaw
2417,Nikki Webster
2418,Nile Rodgers
2419,Nils Landgren Funk Unit
2420,Nina Simone
2421,Nine Days
2422,Nirvana
2423,Nitty
2424,Nitty Gritty Dirt Band
2425,No Doubt
2426,No Mercy
2427,Noah And The Whale
2428,Noah Cyrus
2429,Noah Kahan
2430,Noiseworks
2431,Nomcebo Zikode
2432,Norah Jones
2433,Norman Greenbaum
2434,Normani
2435,Normie Rowe
2436,Normie Rowe & The Playboys
2437,Novaspace
2438,Nu Shooz
2439,Nuka
2440,Nyla
2441,O.C. Smith
2442,OK Go
2443,OMC
2444,OMI
2445,Oasis
2446,Ocean
2447,Ocean Alley
2448,Odia Coates
2449,Of Monsters and Men
2450,Ofenbach
2451,Ohio Express
2452,Ohio Players
2453,Ol' 55
2454,Ol' Dirty Bastard
2455,Oliver
2456,Oliver Cheatham
2457,Oliver Heldens
2458,Oliver Tree
2459,Olivia
2460,Olivia Newton-John
2461,Olivia O'Brien
2462,Olivia Rodrigo
2463,Ollie Gabriel
2464,Olly Alexander (Years & Years)
2465,Olly Murs
2466,One Direction
2467,OneRepublic
2468,Operator Please
2469,Optacure
2470,Orianthi
2471,Original Soundtrack
2472,Otis Redding
2473,Otto Knows
2474,Ou Est Le Swimming Pool
2475,Outkast
2476,Overmono
2477,Owl City
2478,Ozzy Osbourne
2479,P Jervier
2480,P!nk
2481,P-Money
2482,P.J. Proby
2483,P.M. Dawn
2484,P.O.D.
2485,PARTYNEXTDOOR
2486,PEZ
2487,PNAU
2488,PON CHO
2489,POOLCLVB
2490,PSY
2491,Pablo Cruise
2492,Paces
2493,Paige IV
2494,Paloma Faith
2495,Pandora
2496,Panic! At The Disco
2497,Panjabi MC
2498,Papa Roach
2499,Paper Lace
2500,Parachute
2501,Paramore
2502,Paris Hilton
2503,Parson James
2504,Partners In Kryme
2505,Passenger
2506,Passengers
2507,Passion Pit
2508,Pat Benatar
2509,Pat Boone
2510,Pat Wilson
2511,Patricia Quinn
2512,Patrick Hernandez
2513,Patrick Swayze
2514,Patrick Swayze Featuring Wendy Fraser
2515,Patsy Cline
2516,Patsy Gallant
2517,Patti LaBelle
2518,Patti Smith
2519,Patty Smyth
2520,Paul & Paula
2521,Paul Anka
2522,Paul Anka et son orchestre
2523,Paul Carrack
2524,Paul Davis
2525,Paul Dempsey
2526,Paul Evans
2527,Paul Hardcastle
2528,Paul Kelly
2529,Paul Lekakis
2530,Paul Mac
2531,Paul McCartney
2532,Paul Morrell
2533,Paul Norton
2534,Paul Russell
2535,Paul Simon
2536,Paul Woolford
2537,Paul Young
2538,Paul and Mary
2539,Paula Abdul
2540,Pauline Henry
2541,Pauline Pantsdown
2542,Paulini
2543,Peabo Bryson
2544,Peabo Bryson with Roberta Flack
2545,Peach PRC
2546,Peaches
2547,Peaches & Herb
2548,Pearl Jam
2549,Peggy Gou
2550,Peggy March
2551,Peking Duk
2552,Pendulum
2553,Penny McLean
2554,Peppermint Heaven
2555,Percy Faith
2556,Percy Sledge
2557,Perry Como
2558,Pet Shop Boys
2559,Peta Morris
2560,Pete Brown
2561,Pete Konemann
2562,Pete Murray
2563,Pete Shelley
2564,Pete Townshend
2565,Peter Allen
2566,Peter And Gordon
2567,Peter Andre
2568,Peter Blakeley
2569,Peter Cetera
2570,Peter Frampton
2571,Peter Gabriel
2572,Peter McCann
2573,Peter Sarstedt
2574,Peter Shelley
2575,Peter\
2576,Peters & Lee
2577,Petula Clark
2578,Ph.D.
2579,Phantom Planet
2580,Pharoahe Monch
2581,Pharrell Williams
2582,Phil Collins
2583,Phil Oakey
2584,Phil Seymour
2585,Philip Bailey
2586,Phillip Phillips
2587,Phiness
2588,Phoebe Ryan
2589,Phoenix
2590,Phyllis Nelson
2591,Pia Mia
2592,Pilot
2593,Pink Floyd
2594,Pitbull
2595,Pixie Lott
2596,Pixies
2597,Placebo
2598,Plain White T's
2599,Plan B
2600,Planet Funk
2601,Plastic Bertrand
2602,Plavka
2603,Player
2604,Player 1
2605,Plumb
2606,PnB Rock
2607,Poison
2608,Poke and Tone
2609,Polo G
2610,Poo Bear
2611,Pop Smoke
2612,Popcaan
2613,Portrait
2614,Portugal. The Man
2615,Post Malone
2616,Powderfinger
2617,Powfu
2618,Pras
2619,Preme
2620,Pretenders
2621,Prince
2622,Prince Mydas
2623,Procol Harum
2624,Professor Green
2625,Promises
2626,Pryma
2627,Pseudo Echo
2628,Public Announcement
2629,Public Domain
2630,Puddle Of Mudd
2631,Punk Goes
2632,Pure Prairie League
2633,Purple Disco Machine
2634,Pussycat
2635,Q-Tip
2636,QED
2637,Quad City DJ's
2638,Quarterflash
2639,Quavo
2640,Queen
2641,Queen Pen
2642,Queens of the Stone Age
2643,Quiet Riot
2644,Quindon Tarver
2645,Qwote
2646,Qwote feat. Pitbull & Lucenzo
2647,R & J Stone
2648,R. City
2649,R. Kelly
2650,R.B. Greaves
2651,R.E.M.
2652,R3HAB
2653,RANI
2654,RAYE
2655,REO Speedwagon
2656,ROSÉ
2657,ROZES
2658,RUN
2659,Racey
2660,Rachel Platten
2661,Radiohead
2662,Rae Sremmurd
2663,Rag'n'Bone Man
2664,Rage Against The Machine
2665,Ral Donner
2666,Ram Jam
2667,Random
2668,Randy & The Rainbows
2669,Randy VanWarmer
2670,Rascal Flatts
2671,Raspberries
2672,Ratcat
2673,Rauw Alejandro
2674,Ray Brown And The Whispers
2675,Ray Charles
2676,Ray Charles Orchestra
2677,Ray Columbus and the Invaders
2678,Ray Dalton
2679,Ray Hedges
2680,Ray J
2681,Ray Parker Jr.
2682,Ray Peterson
2683,Ray Stevens
2684,Raydio
2685,Rayvon
2686,Real McCoy
2687,Rebecca Ferguson
2688,Rebecca Levy
2689,Red Hot Chili Peppers
2690,Red Rat
2691,Redbone
2692,Redfoo
2693,Redgum
2694,Redman
2695,Rednex
2696,Reece Mastin
2697,Reef
2698,Reel 2 Real
2699,Reg Lindsay
2700,Regard
2701,Regina Belle
2702,Regurgitator
2703,Reigan
2704,Rema
2705,Renee Geyer
2706,Ric Wake
2707,Ricardo Da Force
2708,Rich Brian
2709,Richard Clapton
2710,Richard Harris
2711,Richard Marx
2712,Richard O'Brien
2713,Richard Vission & Static Revenger Starring Luciana
2714,Rick Astley
2715,Rick James
2716,Rick Price
2717,Rick Ross
2718,Rick Springfield
2719,Ricki-Lee
2720,Ricky Martin
2721,Ricky Nelson
2722,Rico Nasty
2723,Riff
2724,Right Said Fred
2725,Rihanna
2726,Rik Rok
2727,Ringo Starr
2728,Rise Against
2729,Rita Coolidge
2730,Rita Ora
2731,Ritchie Valens
2732,Riton
2733,Ritt Momney
2734,Rivers Cuomo
2735,Rixton
2736,Rizzle Kicks
2737,Rob E.G.
2738,Rob Mills
2739,Rob Swire
2740,Rob Thomas
2741,Robbie Nevil
2742,Robbie Williams
2743,Robert DeLong
2744,Robert John
2745,Robert Miles
2746,Robert Palmer
2747,Robert Yount
2748,Roberta Flack
2749,Robin Gibb
2750,Robin S
2751,Robin Schulz
2752,Robin Scott
2753,Robin Thicke
2754,Robinson
2755,Robyn
2756,Rock Hits
2757,Rockmelons
2758,Rocky Burnette
2759,Rococo
2760,Rod Stewart
2761,Roddy Ricch
2762,Roger
2763,Roger Glover
2764,Roger Miller
2765,Roger Sanchez
2766,Roger Voudouris
2767,Roger Whittaker
2768,Rogue Traders
2769,Rojdar
2770,Rollo Armstrong
2771,Romy Dya
2772,Ron Holden
2773,Ronan Keating
2774,Ronin
2775,Ronnie And The Hi-Lites
2776,Ronnie Burns
2777,Ronnie James Dio
2778,Rooftop Heroes
2779,Room 5
2780,Rosa Linn
2781,Rose Royce
2782,Rosie & The Originals
2783,Ross D. Wylie
2784,Ross Ryan
2785,Rotimi
2786,Route 94
2787,Roxette
2788,Roxy Music
2789,Roy Head And The Traits
2790,Roy Orbison
2791,Roy Orbison & Teen Kings
2792,Royal Philharmonic Orchestra conducted by Louis Clark
2793,Rozalla
2794,Ruby And The Romantics
2795,Ruby Velle
2796,Ruby Velle & The Soulphonics
2797,Rudimental
2798,Rudolph Toombs
2799,Rudy
2800,Rudy Thomas
2801,Ruel
2802,Ruff Loaderz
2803,Rufus Thomas
2804,Rui Da Silva feat. Cassandra
2805,Run–D.M.C.
2806,Rupert Gregson-Williams
2807,Rupert Holmes
2808,Rush
2809,Russell Dickerson
2810,Russell Morris
2811,Russell Thompkins\
2812,Russell Watson
2813,Rusted Root
2814,Ryan Lewis
2815,Ryan Riback
2816,Ryan Tedder
2817,RØMANS
2818,RÜFÜS DU SOL
2819,Röyksopp
2820,S Club
2821,S'Express
2822,S.O.A.P.
2823,S1mba
2824,SAFIA
2825,SAINt JHN
2826,SAM WHITE
2827,SAYGRACE
2828,SHAED
2829,SHY FX
2830,SNAP!
2831,STORME
2832,SUPER-Hi
2833,SWOOP
2834,SWV
2835,SZA
2836,Sabi
2837,Sabrina Carpenter
2838,Sage The Gemini
2839,Saigon Kick
2840,Sailor
2841,Salt-N-Pepa
2842,Saltshaker
2843,Sam & Dave
2844,Sam And The Womp
2845,Sam Bailey
2846,Sam Brown
2847,Sam Cooke
2848,Sam Feldt
2849,Sam Fischer
2850,Sam Hunt
2851,Sam Martin
2852,Sam Obernik
2853,Sam Perry
2854,Sam Ryder
2855,Sam Smith
2856,Sam Sparro
2857,Sam The Sham & The Pharaohs
2858,Sam Winston
2859,Samantha Fox
2860,Samantha Jade
2861,Samantha Mumba
2862,Samantha Sang
2863,Sammi Constantine
2864,Sammi Elston
2865,Sammi Smith
2866,Sammie
2867,Sammy Davis Jr.
2868,San Cisco
2869,Sananda Maitreya
2870,Sandi Thom
2871,Sandie Shaw
2872,Sandrine
2873,Sandro Cavazza
2874,Sandy Posey
2875,Santa Esmeralda
2876,Santana
2877,Sara Bareilles
2878,Sarah Blasko
2879,Sarah Brightman
2880,Sarah Connor
2881,Sarah Jane Morris
2882,Sarah McLachlan
2883,Sarah McLeod
2884,Sash!
2885,Savage
2886,Savage Garden
2887,Saweetie
2888,Scandal
2889,Scandal'us
2890,Scatman John
2891,Scissor Sisters
2892,Scooter
2893,Scorpions
2894,Scott Bradlee's Postmodern Jukebox
2895,Scott English
2896,Scott Fitzgerald
2897,Scott McKenzie
2898,Scouting For Girls
2899,Scribe
2900,Seal
2901,Seals and Crofts
2902,Sean Kingston
2903,Sean Paul
2904,Sean Quinn
2905,Seany B
2906,Sebastian Gamboa
2907,Sebastian Ingrosso
2908,Secondhand Serenade
2909,Seeb
2910,Seether
2911,Selena Gomez
2912,Selwyn
2913,Semisonic
2914,September
2915,Serena Ryder
2916,Sergio Mendes & Brasil '66
2917,Sgt Slick
2918,Sgt. Barry Sadler
2919,Shab
2920,Shaft
2921,Shaggy
2922,Shai
2923,Shakaya
2924,Shakespears Sister
2925,Shakin' Stevens
2926,Shakira
2927,Shalamar
2928,Shane Codd
2929,Shane Howard
2930,Shania Twain
2931,Shanice
2932,Shanks & Bigfoot
2933,Shannon
2934,Shannon Noll
2935,Shaun Cassidy
2936,Shawn Colvin
2937,Shawn Mendes
2938,Shawn Mullins
2939,Sheena Easton
2940,Sheila E.
2941,Shelley Fabares
2942,Shep And The Limelites
2943,Sheppard
2944,Sherbet
2945,Sheryl Crow
2946,Shift K3Y
2947,Shinedown
2948,Shirley Bassey
2949,Shocking Blue
2950,Shona Laing
2951,Short Stack
2952,Shouse
2953,Showtek
2954,Sia
2955,Sian Evans
2956,Sidney Samson
2957,Siedah Garrett
2958,Sigala
2959,Sigma
2960,Sigrid
2961,Silentó
2962,Silience
2963,Silk
2964,Silk City
2965,Silk Sonic
2966,Silver Convention
2967,Silverchair
2968,Simian Mobile Disco
2969,Simon & Garfunkel
2970,Simon Climie
2971,Simple Minds
2972,Simple Plan
2973,Simply Red
2974,Sinitta
2975,Sinéad O'Connor
2976,Sir Douglas Quintet
2977,Sir Mix-A-Lot
2978,Sirah
2979,Sisqo
2980,Sister Bliss
2981,Sister Hazel
2982,Sister Janet Mead
2983,Sister Sledge
2984,Sister2sister
2985,Sixpence None The Richer
2986,Skeeter Davis
2987,Skepta
2988,Skid Row
2989,Skip Marley
2990,Skrillex
2991,Skyhooks
2992,Skylar Grey
2993,Slade
2994,Slash
2995,Sleepy Brown
2996,Sleepy Tom
2997,Slim Dusty
2998,Slim Thug
2999,Slinkee Minx
3000,Slip-On Stereo
3001,Sly & The Family Stone
3002,Sly Fox
3003,Small Faces
3004,Small Jam
3005,Small Mercies
3006,Smash Mouth
3007,Smb
3008,Smokey Robinson
3009,Smokey Robinson & The Miracles
3010,Smokie
3011,Snakehips
3012,Sneaky Sound System
3013,Snoop Dogg
3014,Snow
3015,Snow Patrol
3016,Sofa Sounds
3017,Sofi Tukker
3018,Soft Cell
3019,Solitaire
3020,Something For Kate
3021,Sonia Dada
3022,Sonique
3023,Sonny & Cher
3024,Sophie B. Hawkins
3025,Sophie Ellis-Bextor
3026,Sophie Monk
3027,Sophie and the Giants
3028,Sore
3029,Soul Asylum
3030,Soulja Boy
3031,Soundgarden
3032,Sounds Incorporated
3033,Spandau Ballet
3034,Sparkadia
3035,Sparks
3036,Spectrum
3037,Spice Girls
3038,Spiderbait
3039,Spiller
3040,Spin Doctors
3041,Split Enz
3042,Springwater
3043,Squeeze
3044,Sr.
3045,Stacey Q
3046,Stacie Orrico
3047,Stafford Brothers
3048,Stan Walker
3049,StarLab
3050,Stardust
3051,Stargate
3052,Starland Vocal Band
3053,Starley
3054,Stars On 45
3055,Stars On 54
3056,Starsailor
3057,Starship
3058,Starskee
3059,Static Revenger
3060,Status Quo
3061,StaySolidRocky
3062,Steady Rollin
3063,Stealers Wheel
3064,Steely Dan
3065,Stefflon Don
3066,Stellar
3067,Stephanie McIntosh
3068,Stephanie Mills
3069,Stephen Sanchez
3070,Steppenwolf
3071,Steps
3072,Stereophonics
3073,Steve Aoki
3074,Steve Earle
3075,Steve Forbert
3076,Steve Harley
3077,Steve Harley & Cockney Rebel
3078,Steve Jervier
3079,Steve Lawrence
3080,Steve Mac
3081,Steve Mandell
3082,Steve Miller Band
3083,Steve Perry
3084,Steve Robson And Andy Bradfield
3085,Steve Winwood
3086,Steven Stanley
3087,Steven Tyler
3088,Stevie B
3089,Stevie Hoang
3090,Stevie J
3091,Stevie Nicks
3092,Stevie Wonder
3093,Stevie Wright
3094,Stills & Nash
3095,Stills\
3096,Sting
3097,Stone Poneys
3098,Stone Temple Pilots
3099,StoneBridge
3100,Stormzy
3101,Strawbs
3102,Stray Cats
3103,Strictly Ballroom (Original Soundtrack)
3104,Strike
3105,Stu Stone
3106,Stush
3107,Styles P
3108,Styx
3109,Sub Sub
3110,Sue Thompson
3111,Sugababes
3112,Sugar Ray
3113,Sugarland
3114,Sum 41
3115,Sunny & The Sunglows
3116,Sunnyboys
3117,Sunset City
3118,Supercharge
3119,Supergrass
3120,Supernaut
3121,Superstar
3122,Supertramp
3123,Sure Is Pure
3124,Surf Mesa
3125,Survivor
3126,Susan Raye
3127,Suzanne Vega
3128,Suzi Quatro
3129,Swae Lee
3130,Swanee
3131,Sweat & Tears
3132,Swedish House Mafia
3133,Sweet
3134,Swift K.I.D.
3135,Swing Out Sister
3136,Switchfoot
3137,Sylvester
3138,Szabo
3139,T'Pau
3140,T-Pain
3141,T-Shirt
3142,T. Rex
3143,T.I.
3144,TAPZ GALLANTINO
3145,TLC
3146,TOTO
3147,TQ
3148,TV Rock
3149,TV Rock feat. Seany B
3150,Taco
3151,Tag Team
3152,Tainy
3153,Taio Cruz
3154,Take That
3155,Tal Bachman
3156,Talent
3157,Talking Heads
3158,Tame Impala
3159,Tamia
3160,Tammi Terrell
3161,Tammin Sursok
3162,Tammy Wynette
3163,Tarrus Riley
3164,Tasmin Archer
3165,Tate McRae
3166,Taxiride
3167,Taylor Dayne
3168,Taylor Henderson
3169,Taylor Swift
3170,Tears For Fears
3171,Technohead
3172,Technotronic
3173,Ted Mulry
3174,Ted Mulry Gang
3175,Teddy Cream
3176,Teddy Geiger
3177,Teddy Pendergrass
3178,Teddy Swims
3179,Tee-Set
3180,Teflon Hustle Don
3181,Tegan and Sara
3182,Tenacious D
3183,Terry Jacks
3184,Terry Stafford
3185,Tesher
3186,Tex Morton
3187,Texas
3188,Thandi Phoenix
3189,The
3190,The 12th Man
3191,The 1975
3192,The 5th Dimension
3193,The All-American Rejects
3194,The Allniters
3195,The Androids
3196,The Angels
3197,The Animals
3198,The Archies
3199,The Art Of Noise
3200,The Asteroids Galaxy Tour
3201,The Aston Shuffle
3202,The Ataris
3203,The Atlantics
3204,The B-52's
3205,The Babys
3206,The Bachelors
3207,The Badloves
3208,The Band
3209,The Band Perry
3210,The Bangles
3211,The Beach Boys
3212,The Beatles
3213,The Beautiful Girls
3214,The Bellamy Brothers
3215,The Belle Stars
3216,The Bells
3217,The Biz
3218,The Black Crowes
3219,The Black Keys
3220,The Black Sorrows
3221,The Blessed Madonna
3222,The Blockheads
3223,The Bloody Beetroots
3224,The Bobby Fuller Four
3225,The Bonzo Dog Band
3226,The Boomtown Rats
3227,The Bootleg Family Band
3228,The Box Tops
3229,The Brothers Four
3230,The Brothers Johnson
3231,The Browns
3232,The Bucketheads
3233,The Buggles
3234,The Bureau
3235,The Business Intl
3236,The Byrds
3237,The Calling
3238,The Capris
3239,The Cardigans
3240,The Cars
3241,The Cascades
3242,The Casuals
3243,The Cat Empire
3244,The Cataracs
3245,The Chainsmokers
3246,The Chantays
3247,The Charlie Daniels Band
3248,The Chemical Brothers
3249,The Cherokees
3250,The Chicks
3251,The Chiffons
3252,The Chimes
3253,The Church
3254,The Civil Wars
3255,The Clash
3256,The Click Five
3257,The Clovers
3258,The Cockroaches
3259,The Collective
3260,The Commitments
3261,The Communards
3262,The Connells
3263,The Cookies
3264,The Copperwine
3265,The Coral
3266,The Corrs
3267,The Corsairs
3268,The Cowsills
3269,The Cranberries
3270,The Crests
3271,The Crickets
3272,The Crooklyn Clan
3273,The Cruel Sea
3274,The Crypt-Kickers
3275,The Crystals
3276,The Cuff Links
3277,The Cure
3278,The Dakotas
3279,The Damned
3280,The Dandy Warhols
3281,The Darkness
3282,The Dave Brubeck Quartet
3283,The Dave Clark Five
3284,The Dawn
3285,The DeFranco Family
3286,The DeFranco Family featuring Tony DeFranco
3287,The Dingoes
3288,The Dolan Twins
3289,The Doobie Brothers
3290,The Doors
3291,The Dovells
3292,The Dream Academy
3293,The Drifters
3294,The Dudley Moore Trio
3295,The Duprees
3296,The Easybeats
3297,The Echoes
3298,The Edgar Winter Group
3299,The Edwin Hawkins Singers
3300,The Emotions
3301,The Enchanters
3302,The Equals
3303,The Everly Brothers
3304,The Exciters
3305,The Fendermen
3306,The Ferrets
3307,The Fifth Estate
3308,The Fireballs
3309,The Firm
3310,The First Class
3311,The First National Band
3312,The Five Stairsteps
3313,The Flying Lizards
3314,The Fortunes
3315,The Foundations
3316,The Four Preps
3317,The Fray
3318,The Funky Groove Connection
3319,The Fureys
3320,The Galvatrons
3321,The Game
3322,The Getaway Plan
3323,The Glitter Band
3324,The Go-Betweens
3325,The Go-Go's
3326,The Goo Goo Dolls
3327,The Greatest Showman Ensemble
3328,The Greg Kihn Band
3329,The Grid
3330,The Griswolds
3331,The Groop
3332,The Guess Who
3333,The HamilTones
3334,The Heartland Collective
3335,The Heights
3336,The Henchmen
3337,The Highwaymen
3338,The Hollies
3339,The Hollywood Argyles
3340,The Hombres
3341,The Honeycombs
3342,The Honeydrippers
3343,The Hoosiers
3344,The Hooters
3345,The Human League
3346,The ID
3347,The Ikettes
3348,The Immigrant
3349,The Impressions
3350,The Irish Rovers
3351,The Isley Brothers
3352,The J. Geils Band
3353,The Jackson 5
3354,The Jacksons
3355,The Jaynetts
3356,The Jive Five
3357,The Johnny Mann Singers
3358,The Jordanaires
3359,The KLF
3360,The Keymakers
3361,The Kid LAROI
3362,The Killers
3363,The Kingsmen
3364,The Kingston Trio
3365,The Kinks
3366,The Kite String Tangle
3367,The Knack
3368,The Knickerbockers
3369,The Kooks
3370,The Korgis
3371,The La De Da's
3372,The Last Goodnight
3373,The Lemon Pipers
3374,The Lemonheads
3375,The Lettermen
3376,The Little Dippers
3377,The Little Heroes
3378,The Living End
3379,The Lonely Island
3380,The Look
3381,The Love Unlimited Orchestra
3382,The Loved Ones
3383,The Lovin' Spoonful
3384,The Lumineers
3385,The Mad Stuntman
3386,The Madden Brothers
3387,The Mamas & The Papas
3388,The Manhattan Transfer
3389,The Manhattans
3390,The Mar-Keys
3391,The Marcels
3392,The Marshall Tucker Band
3393,The Marvelettes
3394,The Master's Apprentices
3395,The Mavericks
3396,The Mavis's
3397,The McCoys
3398,The Members
3399,The Messengers
3400,The Meteors
3401,The Midnight Beast
3402,The Mighty Mighty Bosstones
3403,The Miracles
3404,The Mixtures
3405,The Mojos
3406,The Monkees
3407,The Moody Blues
3408,The Motels
3409,The Move
3410,The Movement
3411,The Murmaids
3412,The Naked And Famous
3413,The Nashville Teens
3414,The New Seekers
3415,The Newbeats
3416,The Nolans
3417,The Notorious B.I.G.
3418,The Offspring
3419,The Orlons
3420,The Ormsby Brothers
3421,The Osmonds
3422,The Outfield
3423,The Outhere Brothers
3424,The Overlanders
3425,The Panics
3426,The Paris Sisters
3427,The Partridge Family
3428,The Party Boys
3429,The Pips
3430,The Plastic Ono Band
3431,The Platters
3432,The Pointer Sisters
3433,The Police
3434,The Potbelleez
3435,The Power Station
3436,The Preatures
3437,The Presets
3438,The Presidents Of The United States Of America
3439,The Proclaimers
3440,The Prodigy
3441,The Product G&B
3442,The Psychedelic Furs
3443,The Pussycat Dolls
3444,The Quick
3445,The Radiators
3446,The Rah Band
3447,The Rascals
3448,The Rasmus
3449,The Ray Conniff Singers
3450,The Rebels
3451,The Red Jumpsuit Apparatus
3452,The Reels
3453,The Rembrandts
3454,The Righteous Brothers
3455,The Rip Chords
3456,The Ritchie Family
3457,The Rolling Stones
3458,The Romantics
3459,The Ronettes
3460,The Royal Guardsmen
3461,The Royal Showband
3462,The Rubens
3463,The Rubettes
3464,The S.O.S Band
3465,The Safaris
3466,The Saints
3467,The Sandpipers
3468,The Screaming Jets
3469,The Script
3470,The Searchers
3471,The Seekers
3472,The Sensations
3473,The Serendipity Singers
3474,The Shadows
3475,The Shangri-Las
3476,The Shirelles
3477,The Simon Park Orchestra
3478,The Simpsons
3479,The Smashing Pumpkins
3480,The Soup Dragons
3481,The Spencer Davis Group
3482,The Spinners
3483,The Starliters
3484,The Stone Canyon Band
3485,The Stone Roses
3486,The Strangers
3487,The Stranglers
3488,The Streets
3489,The String-A-Longs
3490,The Strokes
3491,The Style Council
3492,The Stylistics
3493,The Sundance Kids
3494,The Superjesus
3495,The Supermen Lovers
3496,The Supremes
3497,The Surfaris
3498,The Swingers
3499,The Swinging Blue Jeans
3500,The Sylvers
3501,The Tamperer
3502,The Taxi Gang
3503,The Temper Trap
3504,The Temptations
3505,The Tennessee Two
3506,The Three Degrees
3507,The Ting Tings
3508,The Tony Rich Project
3509,The Tourists
3510,The Toys
3511,The Trashmen
3512,The Tremeloes
3513,The Triffids
3514,The Trinidad Singers
3515,The Troggs
3516,The Turtles
3517,The Twilights
3518,The Tymes
3519,The Vamps
3520,The Vapors
3521,The Ventures
3522,The Veronicas
3523,The Verve
3524,The Verve Pipe
3525,The Village Stompers
3526,The Waifs
3527,The Wallflowers
3528,The Wanted
3529,The Waterboys
3530,The Weather Girls
3531,The Weeknd
3532,The White Stripes
3533,The Whitlams
3534,The Who
3535,The Wombats
3536,The Wonder Stuff
3537,The World
3538,The World's Famous Supreme Team
3539,The Yardbirds
3540,The Young Rascals
3541,The Youngbloods
3542,The Zombies
3543,The xx
3544,Thelma Houston
3545,Therese
3546,These Kids Wear Crowns
3547,Thierry Von Der Warth
3548,Thin Lizzy
3549,Things Of Stone and Wood
3550,Third Eye Blind
3551,Thirsty Merc
3552,Thirty Seconds To Mars
3553,Thomas Bangalter
3554,Thompson Twins
3555,Three Dog Night
3556,Throttle
3557,Thunderclap Newman
3558,Tiffany
3559,Tiga
3560,Tigerlily
3561,Tight Fit
3562,Tiki Taane
3563,Tim & Jean
3564,Tim Deluxe
3565,Tim Finn
3566,Tim McGraw
3567,Tim Rice
3568,Timbaland
3569,Time Bandits
3570,Timi Yuro
3571,Timmy Trumpet
3572,Timomatic
3573,Tina Arena
3574,Tina Charles
3575,Tina Cousins
3576,Tina Turner
3577,Tinashe
3578,Tinie Tempah
3579,Tiësto
3580,Tkay Maidza
3581,Todd Rundgren
3582,Tokyo Ghetto Pussy
3583,Tom Clay
3584,Tom Cochrane
3585,Tom Grennan
3586,Tom Jones
3587,Tom Lord-Alge
3588,Tom Petty
3589,Tom Petty and the Heartbreakers
3590,Tom Robinson Band
3591,Tom Thum
3592,Tom Walker
3593,Tommy Boyce
3594,Tommy James & The Shondells
3595,Tommy Roe
3596,Tommy Sparks
3597,Tommy Theo
3598,Tommy Tutone
3599,Tone-Loc
3600,Tones And I
3601,Toni Basil
3602,Toni Braxton
3603,Toni Childs
3604,Toni Fisher
3605,Toni Pearen
3606,Tonic
3607,Tony Barber
3608,Tony Bennett
3609,Tony Christie
3610,Tony DeFranco
3611,Tony Hatch
3612,Tony Joe White
3613,Tony Orlando
3614,Tony Orlando & Dawn
3615,Tony! Toni! Toné!
3616,Topic
3617,Toploader
3618,Tori Amos
3619,Tori Kelly
3620,Toto Coelo
3621,Tove Lo
3622,Tove Styrke
3623,Tracy Bonham
3624,Tracy Chapman
3625,Traffic
3626,Train
3627,Traknox
3628,Transvision Vamp
3629,Traveling Wilburys
3630,Travie McCoy
3631,Travis
3632,Travis Barker
3633,Travis McCoy
3634,Travis Scott
3635,Treble Charger
3636,Trevor Daniel
3637,Trevor Guthrie
3638,Trey Lorenz
3639,Trini Lopez
3640,Triple X
3641,Trisha Yearwood
3642,Trolls
3643,Troy Shondell
3644,Troye Sivan
3645,Tubeway Army
3646,Tuka
3647,Twenty 4 Seven
3648,Twenty One Pilots
3649,Twisted Sister
3650,Twiztid
3651,Two Door Cinema Club
3652,Two Man Band\
3653,Ty Dolla $ign
3654,Tyga
3655,Tyla
3656,Tyler Stone
3657,U.S.A. For Africa
3658,U.S.U.R.A.
3659,U2
3660,UB40
3661,USHER
3662,Ugly Kid Joe
3663,Ultimate Kaos
3664,Ultra
3665,Ultra Naté
3666,Ultravox
3667,Uncanny X-Men
3668,Uncle Charlie Wilson
3669,Uncle Kracker
3670,Underworld
3671,Union J
3672,Unique II
3673,Unknown
3674,Urban Cookie Collective
3675,Urge Overkill
3676,Uriah Heep
3677,Utah Saints
3678,VASSY
3679,Vader the Villin
3680,Vampire Weekend
3681,Van Halen
3682,Van McCoy & The Soul City Symphony
3683,Van Morrison
3684,Vance Joy
3685,Vandalism
3686,Vanessa Amorosi
3687,Vanessa Carlton
3688,Vanessa Williams
3689,Vangelis
3690,Vanilla Fudge
3691,Vanilla Ice
3692,Various Artists
3693,Vengaboys
3694,Vera Blue
3695,Verdine White
3696,Vic Dana
3697,Vic Reeves
3698,Vicki Lawrence
3699,Vikki Carr
3700,Village People
3701,Violent Femmes
3702,Violent Soho
3703,Visage
3704,Visnadi
3705,Vitamin C
3706,Voyager
3707,Vula
3708,Vydamo
3709,WALK THE MOON
3710,WATT
3711,WILLOW
3712,WSTRN
3713,Wa Wa Nee
3714,Wafia
3715,Wale
3716,Wales
3717,Wallows
3718,Walter Brennan
3719,Walter Meego
3720,Walter Murphy
3721,Wang Chung
3722,Wankelmut
3723,Wanz
3724,War
3725,Warrant
3726,Warren G
3727,Warren Zevon
3728,Warumpi Band
3729,Wayne Fontana
3730,Wayne Newton
3731,Waze & Odyssey
3732,We Five
3733,We The Kings
3734,Weddings Parties Anything
3735,Ween
3736,Weezer
3737,Weird Al Yankovic
3738,Wendy Fraser
3739,Wendy Matthews
3740,Wes Nelson
3741,Wesley Dean
3742,Westlife
3743,Wet Wet Wet
3744,Wham!
3745,What So Not
3746,Wheatus
3747,Whigfield
3748,White Lies
3749,White Plains
3750,White Town
3751,Whitesnake
3752,Whitney Houston
3753,Who Is Fancy
3754,Why Don't We
3755,WickedStranger
3756,Wil Veloz
3757,Wild Belle
3758,Wild Cherry
3759,Wiley
3760,Will Anderson
3761,Will Heard
3762,Will Smith
3763,Will Sparks
3764,William Orbit
3765,William Shakespeare
3766,William Singe
3767,Willie Lindo
3768,Willie Nelson
3769,Willow Sage Hart
3770,Willy William
3771,Wilson Phillips
3772,Wilson Pickett
3773,Wind & Fire
3774,Winger
3775,Wings
3776,Wiz Khalifa
3777,Wizkid
3778,Wizzard
3779,Wolfgang Gartner
3780,Wolfmother
3781,Womack & Womack
3782,World Party
3783,Wrabel
3784,Wreckx-N-Effect
3785,Wretch 32
3786,Wuki
3787,Wyclef Jean
3788,Wynter Gordon
3789,X Ambassadors
3790,XTC
3791,XXXTENTACION
3792,XYLØ
3793,YALL
3794,YUNGBLUD
3795,Ya Kid K
3796,Yanou
3797,Yazoo
3798,Yazz
3799,Yeasayer
3800,YellaCatt
3801,Yello
3802,Yellowcard
3803,Yellowstone And Voice
3804,Yes
3805,Ylvis
3806,Yo La Tengo
3807,Yoko Ono
3808,Yolanda Be Cool
3809,Yothu Yindi
3810,You Am I
3811,Young Divas
3812,Young MC
3813,Young Tapz
3814,Young Thug
3815,Young the Giant
3816,Youssou N'Dour
3817,Youth Group
3818,Yung Joc
3819,Yusuf
3820,Yusuf / Cat Stevens
3821,Yves Klein Blue
3822,Yvonne Elliman
3823,Yvonne Fair
3824,Yvonne Keeley
3825,ZAYN
3826,ZHU
3827,ZZ Top
3828,Zac Brown Band
3829,Zac Efron
3830,Zager & Evans
3831,Zaheer
3832,Zank
3833,Zara Larsson
3834,Zay Hilfigerrr
3835,Zayion McCall
3836,Zedd
3837,Zeek Power
3838,Zendaya
3839,Zephyr Alabama
3840,Zhané
3841,Zombie Nation
3842,Zoot
3843,Zoë Badwi
3844,a-ha
3845,alt-J
3846,bbno$
3847,beabadoobee
3848,benny blanco
3849,blackbear
3850,blink-182
3851,cassö
3852,dazy
3853,deadmau5
3854,fun.
3855,gnash
3856,iNi Kamoze
3857,iann dior
3858,iio
3859,kai
3860,lovelytheband
3861,mgk
3862,ponders
3863,salem ilese
3864,shy martin
3865,t.A.T.u.
3866,twocolors
3867,will.i.am
